Datetime,Water Level (m)
2026-02-13 06:00:00,1.4224639e-07
2026-02-13 07:00:00,1.7601495e-07
2026-02-13 08:00:00,2.0715387e-07
2026-02-13 09:00:00,2.360236e-07
2026-02-13 10:00:00,2.607927e-07
2026-02-13 11:00:00,2.8327605e-07
2026-02-13 12:00:00,3.07307e-07
2026-02-13 13:00:00,3.3521178e-07
2026-02-13 14:00:00,3.6663053e-07
2026-02-13 15:00:00,4.0271206e-07
2026-02-13 16:00:00,4.442033e-07
2026-02-13 17:00:00,4.91097e-07
2026-02-13 18:00:00,5.3785527e-07
2026-02-13 19:00:00,5.7680484e-07
2026-02-13 20:00:00,6.067149e-07
2026-02-13 21:00:00,6.263771e-07
2026-02-13 22:00:00,6.343947e-07
2026-02-13 23:00:00,6.32626e-07
2026-02-14 00:00:00,6.2705806e-07
2026-02-14 01:00:00,6.22455e-07
2026-02-14 02:00:00,6.2221255e-07
2026-02-14 03:00:00,6.2787e-07
2026-02-14 04:00:00,6.4208956e-07
2026-02-14 05:00:00,6.6402964e-07
2026-02-14 06:00:00,6.9119784e-07
2026-02-14 07:00:00,7.211419e-07
2026-02-14 08:00:00,7.4952777e-07
2026-02-14 09:00:00,7.708559e-07
2026-02-14 10:00:00,7.84975e-07
2026-02-14 11:00:00,7.900594e-07
2026-02-14 12:00:00,7.922172e-07
2026-02-14 13:00:00,7.985064e-07
2026-02-14 14:00:00,8.098018e-07
2026-02-14 15:00:00,8.256914e-07
2026-02-14 16:00:00,8.4790884e-07
2026-02-14 17:00:00,8.748825e-07
2026-02-14 18:00:00,9.077827e-07
2026-02-14 19:00:00,9.3927025e-07
2026-02-14 20:00:00,9.635511e-07
2026-02-14 21:00:00,9.774872e-07
2026-02-14 22:00:00,9.77282e-07
2026-02-14 23:00:00,9.625654e-07
2026-02-15 00:00:00,9.3601426e-07
2026-02-15 01:00:00,9.04216e-07
2026-02-15 02:00:00,8.753452e-07
2026-02-15 03:00:00,8.5366395e-07
2026-02-15 04:00:00,8.4124764e-07
2026-02-15 05:00:00,8.395303e-07
2026-02-15 06:00:00,8.4909107e-07
2026-02-15 07:00:00,8.6700436e-07
2026-02-15 08:00:00,8.868979e-07
2026-02-15 09:00:00,9.005382e-07
2026-02-15 10:00:00,9.0620506e-07
2026-02-15 11:00:00,9.0177707e-07
2026-02-15 12:00:00,8.884416e-07
2026-02-15 13:00:00,8.715682e-07
2026-02-15 14:00:00,8.573902e-07
2026-02-15 15:00:00,8.502216e-07
2026-02-15 16:00:00,8.5157205e-07
2026-02-15 17:00:00,8.6153784e-07
2026-02-15 18:00:00,8.8058954e-07
2026-02-15 19:00:00,9.064404e-07
2026-02-15 20:00:00,9.309922e-07
2026-02-15 21:00:00,9.4629735e-07
2026-02-15 22:00:00,9.4671213e-07
2026-02-15 23:00:00,9.3176567e-07
2026-02-16 00:00:00,9.009514e-07
2026-02-16 01:00:00,8.5939985e-07
2026-02-16 02:00:00,8.154909e-07
2026-02-16 03:00:00,7.7798023e-07
2026-02-16 04:00:00,7.5178696e-07
2026-02-16 05:00:00,7.373498e-07
2026-02-16 06:00:00,7.3520056e-07
2026-02-16 07:00:00,7.433384e-07
2026-02-16 08:00:00,7.580945e-07
2026-02-16 09:00:00,7.7247097e-07
2026-02-16 10:00:00,7.791434e-07
2026-02-16 11:00:00,7.7509293e-07
2026-02-16 12:00:00,7.5996934e-07
2026-02-16 13:00:00,7.362795e-07
2026-02-16 14:00:00,7.1115335e-07
2026-02-16 15:00:00,6.9149365e-07
2026-02-16 16:00:00,6.811654e-07
2026-02-16 17:00:00,6.801096e-07
2026-02-16 18:00:00,6.8881906e-07
2026-02-16 19:00:00,7.0765225e-07
2026-02-16 20:00:00,7.3118343e-07
2026-02-16 21:00:00,7.497777e-07
2026-02-16 22:00:00,7.560345e-07
2026-02-16 23:00:00,7.4768e-07
2026-02-17 00:00:00,7.180575e-07
2026-02-17 01:00:00,6.73628e-07
2026-02-17 02:00:00,6.227286e-07
2026-02-17 03:00:00,5.761579e-07
2026-02-17 04:00:00,5.3833907e-07
2026-02-17 05:00:00,5.130786e-07
2026-02-17 06:00:00,5.0009237e-07
2026-02-17 07:00:00,5.000695e-07
2026-02-17 08:00:00,5.119777e-07
2026-02-17 09:00:00,5.287632e-07
2026-02-17 10:00:00,5.3956796e-07
2026-02-17 11:00:00,5.3972826e-07
2026-02-17 12:00:00,5.283582e-07
2026-02-17 13:00:00,5.039471e-07
2026-02-17 14:00:00,4.7428182e-07
2026-02-17 15:00:00,4.4749942e-07
2026-02-17 16:00:00,4.274081e-07
2026-02-17 17:00:00,4.1643045e-07
2026-02-17 18:00:00,4.1720568e-07
2026-02-17 19:00:00,4.2911904e-07
2026-02-17 20:00:00,4.4909618e-07
2026-02-17 21:00:00,4.7097325e-07
2026-02-17 22:00:00,4.849206e-07
2026-02-17 23:00:00,4.8516864e-07
2026-02-18 00:00:00,4.6211724e-07
2026-02-18 01:00:00,4.1739997e-07
2026-02-18 02:00:00,3.6303763e-07
2026-02-18 03:00:00,3.0817577e-07
2026-02-18 04:00:00,2.6170918e-07
2026-02-18 05:00:00,2.273514e-07
2026-02-18 06:00:00,2.061414e-07
2026-02-18 07:00:00,1.9922282e-07
2026-02-18 08:00:00,2.0515714e-07
2026-02-18 09:00:00,2.2070861e-07
2026-02-18 10:00:00,2.358921e-07
2026-02-18 11:00:00,2.405736e-07
2026-02-18 12:00:00,2.3233748e-07
2026-02-18 13:00:00,2.0619906e-07
2026-02-18 14:00:00,1.6993407e-07
2026-02-18 15:00:00,1.3239895e-07
2026-02-18 16:00:00,1.0091508e-07
2026-02-18 17:00:00,7.920597e-08
2026-02-18 18:00:00,6.888237e-08
2026-02-18 19:00:00,7.0999796e-08
2026-02-18 20:00:00,8.347115e-08
2026-02-18 21:00:00,1.03457594e-07
2026-02-18 22:00:00,1.2216404e-07
2026-02-18 23:00:00,1.2636134e-07
2026-02-19 00:00:00,1.0813102e-07
2026-02-19 01:00:00,6.5830626e-08
2026-02-19 02:00:00,1.01231805e-08
2026-02-19 03:00:00,-4.7829914e-08
2026-02-19 04:00:00,-9.959715e-08
2026-02-19 05:00:00,-1.4119267e-07
2026-02-19 06:00:00,-1.7054165e-07
